[{"pk": 1, "model": "uriresolve.representation_type", "fields": {"name": "application/javascript"}},{"pk": 2, "model": "uriresolve.representation_type", "fields": {"name": "application/json"}},{"pk": 3, "model": "uriresolve.representation_type", "fields": {"name": "application/msword"}},{"pk": 4, "model": "uriresolve.representation_type", "fields": {"name": "application/octet-stream"}},{"pk": 5, "model": "uriresolve.representation_type", "fields": {"name": "application/pdf"}},{"pk": 6, "model": "uriresolve.representation_type", "fields": {"name": "application/postscript"}},{"pk": 7, "model": "uriresolve.representation_type", "fields": {"name": "application/rtf"}},{"pk": 8, "model": "uriresolve.representation_type", "fields": {"name": "application/vnd.ms-excel"}},{"pk": 9, "model": "uriresolve.representation_type", "fields": {"name": "application/vnd.ms-powerpoint"}},{"pk": 10, "model": "uriresolve.representation_type", "fields": {"name": "application/vnd.ms-project"}},{"pk": 11, "model": "uriresolve.representation_type", "fields": {"name": "application/vnd.ogc.wms_xml"}},{"pk": 12, "model": "uriresolve.representation_type", "fields": {"name": "application/xhtml+xml"}},{"pk": 13, "model": "uriresolve.representation_type", "fields": {"name": "application/xml"}},{"pk": 14, "model": "uriresolve.representation_type", "fields": {"name": "application/xml-dtd"}},{"pk": 15, "model": "uriresolve.representation_type", "fields": {"name": "application/zip"}},{"pk": 16, "model": "uriresolve.representation_type", "fields": {"name": "image/gif"}},{"pk": 17, "model": "uriresolve.representation_type", "fields": {"name": "image/jpeg"}},{"pk": 18, "model": "uriresolve.representation_type", "fields": {"name": "image/jp2"}},{"pk": 19, "model": "uriresolve.representation_type", "fields": {"name": "image/png"}},{"pk": 20, "model": "uriresolve.representation_type", "fields": {"name": "image/svg+xml"}},{"pk": 21, "model": "uriresolve.representation_type", "fields": {"name": "image/tiff"}},{"pk": 22, "model": "uriresolve.representation_type", "fields": {"name": "text/css"}},{"pk": 23, "model": "uriresolve.representation_type", "fields": {"name": "text/csv"}},{"pk": 24, "model": "uriresolve.representation_type", "fields": {"name": "text/html"}},{"pk": 25, "model": "uriresolve.representation_type", "fields": {"name": "text/plain"}},{"pk": 26, "model": "uriresolve.representation_type", "fields": {"name": "text/richtext"}},{"pk": 27, "model": "uriresolve.representation_type", "fields": {"name": "text/rtf"}},{"pk": 28, "model": "uriresolve.representation_type", "fields": {"name": "text/xml"}},
{"pk": 29, "model": "uriresolve.representation_type", "fields": {"name": "application/rdf+xml"}}]